{"perf": [{"r2_score": 0.8523020731146895, "mean_absolute_error": 0.7787538020072982, "mean_squared_error": 0.867884043856707, "median_absolute_error": 0.7024180179736161, "RMSE": 0.8824702839230895}, {"r2_score": 0.9711035622555477, "mean_absolute_error": 0.183941958850138, "mean_squared_error": 0.08992493286725783, "median_absolute_error": 0.12358155768268453, "RMSE": 0.4288845518902937}], "std_test": [1.5433016616946522, 1.5432236816344649, 1.5429223340734735, 1.5427617059368945, 1.542703176786417, 1.5427762700387317, 1.5429606585813762, 1.541906394235303, 1.54157627252405, 1.5418165589789998, 1.541570872459322, 1.5418424847305776, 1.5415169038256928, 1.541674567285217, 1.5418481041274228, 1.5413515158509359, 1.5414281654028774, 1.5421939960549857, 1.5424392114620025, 1.5439661543930534, 1.5462105305011704, 1.5471391745930763, 1.5465472801767697, 1.5449053809904671, 1.5443905092341876, 1.5445225974548709, 1.5431600405353763, 1.5427596495467741, 1.541236665482937, 1.5410418531363435, 1.5399846755962892, 1.5385528933744865, 1.5390892977385566, 1.5381412195415534, 1.5385574507042425, 1.53762778249995, 1.5372481683358885, 1.5364714579338212, 1.5358544937332723, 1.535608423134991, 1.535030038604976, 1.536176506733113, 1.5360290243222139], "columns": ["grocery/pharmacy_15days", "grocery/pharmacy_10days", "grocery/pharmacy_5days", "grocery/pharmacy_30days", "parks_15days", "parks_10days", "parks_5days", "parks_30days", "residential_15days", "residential_10days", "residential_5days", "residential_30days", "retail/recreation_15days", "retail/recreation_10days", "retail/recreation_5days", "retail/recreation_30days", "transit_stations_15days", "transit_stations_10days", "transit_stations_5days", "transit_stations_30days", "workplace_15days", "workplace_10days", "workplace_5days", "workplace_30days", "density", "population", "population_p65", "population_p14", "gdp", "area", "S1_School closing", "S7_International travel controls"]}