{"perf": {"r2_score": 0.06533297354085432, "mean_absolute_error": 1.1737980628473952, "mean_squared_error": 3.0128906221364358, "median_absolute_error": 0.8238112527906245, "RMSE": 1.0834196153141198}, "std_test": [1.5267680059237856, 1.5267680059237856, 1.526961667592028, 1.526961667592028, 1.5270269450266527, 1.5270269450266527, 1.5270269450266527, 1.5270269450266527, 1.5270269450266527, 1.5270269450266527, 1.5270269450266527, 1.5270269450266527, 1.5270269450266527, 1.5270269450266527, 1.5270269450266527, 1.5270269450266527, 1.5270269450266527, 1.5270269450266527, 1.5270269450266527, 1.5270269450266527, 1.5271777285754817, 1.5270989656724758, 1.5270989656724758, 1.5271440793355502, 1.5271440793355502, 1.532581591290127, 1.533973720458738, 1.5340026470592725, 1.5349635708804517, 1.5356981590524053, 1.5351444907553222, 1.5351785127615143, 1.534800463565114, 1.5359946436889975, 1.5350525146018381, 1.5345443628190873, 1.5348592674570012, 1.5347979540615013, 1.5351568782485423, 1.535388199500829, 1.5368063908691945, 1.536363412430464, 1.536962707092564, 1.5374750772969275, 1.5360763819490593, 1.5374750772969275, 1.5360763819490593, 1.5361974330018375, 1.5370111423118178, 1.5390745273856627, 1.5403060816504581, 1.5394847045236535, 1.5392283639032711, 1.5388088742140185, 1.5383660739730658, 1.5388760799456904, 1.539675334841311, 1.5412577990215621, 1.5399899703151467, 1.5399075586343096, 1.5407678774113966, 1.5407361294064092, 1.5403852762236068, 1.5414972437545962, 1.542889625271721, 1.5425078663129712, 1.5425816980272091, 1.5433172308333085, 1.5437142095219247, 1.5443362551527025, 1.5453478758080692, 1.539626297718724, 1.539626297718724, 1.5398508373571242, 1.5398508373571242, 1.5398508373571242, 1.5398508373571242, 1.5398508373571242, 1.5398189225248342, 1.5398189225248342, 1.5398189225248342, 1.5398189225248342, 1.5398189225248342, 1.5398189225248342, 1.5398189225248342, 1.5398189225248342, 1.5398189225248342, 1.5398189225248342, 1.5398189225248342, 1.5398189225248342, 1.5398189225248342, 1.5398189225248342, 1.5398189225248342, 1.5398189225248342, 1.5398189225248342, 1.5398189225248342, 1.5398189225248342, 1.5398189225248342, 1.5397936974153894, 1.5397936974153894, 1.5397936974153894, 1.5397936974153894, 1.5397936974153894, 1.5397633175929697, 1.5397633175929697, 1.5397633175929697, 1.5397633175929697, 1.53913988756015, 1.541670122470235, 1.5437867657990665, 1.5512458982824178, 1.5598998316425068, 1.554461093019452, 1.5503884556976848, 1.5487589643264545, 1.551460330636444, 1.5540970551984898, 1.549392227095873, 1.545848772811518, 1.543708084063668, 1.544770780833237, 1.5465393663585643, 1.5455211003936407, 1.5442975315791865, 1.5443870819081202, 1.5451829156411767, 1.545409478978327, 1.5458709242009594, 1.5479636097732916, 1.549627628171285, 1.5463439434296518, 1.5459305036424726, 1.545261248902702, 1.5440520385791012, 1.5437337876681803, 1.5424899419069176, 1.543283151791121, 1.5414290790395546, 1.540827409543684, 1.5418797404772278, 1.5415619639118732, 1.5420892493277405, 1.5432516657027693, 1.5444652267931192, 1.54388236744269, 1.5444244212281095, 1.545966544180999, 1.5461684258560162, 1.5464575151722992, 1.5477920815573578, 1.5305298633174593, 1.5305298633174593, 1.5305298633174593, 1.5305298633174593, 1.5305298633174593, 1.5305298633174593, 1.5305298633174593, 1.5305298633174593, 1.5305298633174593, 1.5305298633174593, 1.5305298633174593, 1.5305298633174593, 1.5305298633174593, 1.5305298633174593, 1.5305298633174593, 1.5305298633174593, 1.5305298633174593, 1.5305298633174593, 1.5305298633174593, 1.5305298633174593, 1.5305298633174593, 1.5305298633174593, 1.5305298633174593, 1.5305298633174593, 1.530531275154543, 1.530531275154543, 1.530531275154543, 1.530531275154543, 1.530531275154543, 1.530554291229481, 1.530554291229481, 1.530554291229481, 1.530554291229481, 1.5339900540141158, 1.5345943082360012, 1.5343171869274328, 1.5356384670559984, 1.5370110423166765, 1.5363476037984123, 1.5364332333247912, 1.537122004565997, 1.5377182911773806, 1.5376739393298031, 1.5365231154590149, 1.5358045044847894, 1.5362610001056842, 1.5376123988412775, 1.5374927208521016, 1.537376132856849, 1.5365911953693994, 1.536276816035457, 1.5373670083024287, 1.537113456892691, 1.5363008957342865, 1.5380381401588867, 1.5408182294740773, 1.5427256917838603, 1.5425589639150084, 1.541031974983474, 1.5403844404888989, 1.5407351518696433, 1.5428013542291799, 1.544365354929379, 1.542175504398941, 1.541647182695147, 1.5421202882159688, 1.5434791073275322, 1.5430786240797225, 1.543290992678033, 1.5436722959027984, 1.542115190497028, 1.542857617459665, 1.5430674001574192, 1.5431893401766863, 1.5438737504079791, 1.544441061063582, 1.5318914537891426, 1.5318914537891426, 1.5318914537891426, 1.5323592288697516, 1.5323643605214337, 1.5318058426726868, 1.5326696240041353, 1.5336320242685342, 1.5331222956811064, 1.5333319387920834, 1.5376629029395001, 1.5384002983630838, 1.53840211430151, 1.537637454963174, 1.5359102680466177, 1.53714077118865, 1.5382277449485982, 1.5399448293668296, 1.540797942361334, 1.5396885007988084, 1.538836031252619, 1.5387032797426017, 1.5385439029960122, 1.5380746931282276, 1.5385314392978875, 1.5407165204906859, 1.541421411528201, 1.5422893321567326, 1.540498961100609, 1.54141477573763, 1.5430695606463798, 1.542782393212918, 1.5436361884902887, 1.5403119657691648, 1.540673982497783, 1.5407465340325306, 1.5410753321469386, 1.5422221255494581, 1.5427437168513294, 1.5444017644923596, 1.5430722577840903, 1.543958557239803, 1.5447534724528056, 1.544929636748195, 1.5453660379978331, 1.5462723172108126, 1.544850292647422, 1.544850292647422, 1.5451100399959539, 1.5451100399959539, 1.5451958164264128, 1.545647907114259, 1.545647907114259, 1.545647907114259, 1.545647907114259, 1.545647907114259, 1.545647907114259, 1.545647907114259, 1.545647907114259, 1.545647907114259, 1.545647907114259, 1.545647907114259, 1.545647907114259, 1.545647907114259, 1.545647907114259, 1.545647907114259, 1.545647907114259, 1.545647907114259, 1.5456183544723712, 1.5456315513296126, 1.5456874965910163, 1.5459858894941076, 1.5459858894941076, 1.5459858894941076, 1.5459858894941076, 1.5489948426293585, 1.5510162978696451, 1.548061289129967, 1.5495680353549344, 1.551286538740017, 1.5501465328198978, 1.548795373331596, 1.5468687585482193, 1.5460380168333394, 1.5454643604676213, 1.544116474462653, 1.5441995317922137, 1.5449237228018025, 1.5464760603658412, 1.5478300363818727, 1.5492704287584658, 1.5491479847582357, 1.5484464941400644, 1.5478664237431832, 1.546524036842365, 1.545972928704154, 1.5460188913793986, 1.546337776383988, 1.5440071508639162, 1.5433777476637056, 1.5434826944488387, 1.5431872735094456, 1.542470463681288, 1.542748086474939, 1.543755877577841, 1.5430827808008785, 1.543338989359263, 1.5442327064742318, 1.5444355629840865, 1.5448489026991612, 1.5458044229530845, 1.5468879130199245, 1.5464532364735377, 1.5470250352426629, 1.5482002822774803, 1.5483692991479912, 1.548301785660353, 1.548851702410905, 1.5379715484510816, 1.535125614850744, 1.5363946110554567, 1.534927467119582, 1.5344879046564774, 1.534737212203869, 1.5349529788970597, 1.5344178858159168, 1.5333134555755568, 1.5327741858546966, 1.5325478971713373, 1.5351864161451534, 1.537054785403238, 1.535703812323792, 1.5338021277794192, 1.5338042829346719, 1.5340138023925283, 1.534681716612244, 1.5343963591988174, 1.5338831537967146, 1.5338823066493497, 1.5319006994586286, 1.5321862253558824, 1.5318684434262608, 1.5315173012588053, 1.5310475105747308, 1.5310803848698815, 1.5320879194555905, 1.5313174666270375, 1.5322020871122821, 1.533176522157908, 1.5356608624537753, 1.535636946632136, 1.5352675872553858, 1.53484395097613, 1.5331762814610606, 1.5345255839301808, 1.534983254266153, 1.5347981257048953, 1.5354276108136353, 1.5355336606083805, 1.5490381621853828, 1.5570100653036625, 1.5604156908082087, 1.5637082327577634, 1.566779312430985, 1.5641448660497792, 1.5650675342609868, 1.5642008825403388, 1.5640301496740134, 