{"perf": {"r2_score": 0.9348899167007539, "mean_absolute_error": 0.13483847363259055, "mean_squared_error": 0.07346889082486546, "median_absolute_error": 0.05298959305908138, "RMSE": 0.3672035860835111}, "std_test": [1.2229692554335179, 1.2323877751815613, 1.2271687926722288, 1.2234583595826964, 1.2237823630333629, 1.2221524726994146, 1.2213431220493651, 1.2205517057411628, 1.2205277703951811, 1.220701475546819, 1.2244000758369833, 1.2237403335525163, 1.2229853787139495, 1.2219344126845304, 1.2205587007230998, 1.2219279867839896, 1.2214267972942554, 1.2213536778724972, 1.2208992354917383, 1.2217189466459253, 1.221062386331884, 1.2206406136735952, 1.2207910673223044, 1.220852492043394, 1.220988392435196, 1.2211478347625861, 1.2209610512559566, 1.2228040446622492, 1.2246261005413062, 1.2360844769278212, 1.2282744140077593, 1.2335342644925147, 1.2305451572141342, 1.2260434319259457, 1.2263244391844226, 1.2327064156999745, 1.229976195643902, 1.227753405042162, 1.2292619215070042, 1.2263931545872924, 1.2236776220580847, 1.2236124079999446, 1.2236301065246864, 1.2259984318467014, 1.2263799026820088, 1.227439966141499, 1.225498468229269, 1.2236159520482444, 1.2235212690846429, 1.2238664906188188, 1.2261076621320834, 1.2255710745767887, 1.226141797444726, 1.2251325202833427, 1.223600945247392, 1.2235969545816803, 1.223792369930818, 1.2259736308722806, 1.2264313332604342, 1.2295762633809078, 1.2334290992708268, 1.2264285756433408, 1.2236371874896266, 1.2240783572360028, 1.2259598143721453, 1.226085735353494, 1.2267781563743951, 1.2255548002749357, 1.2237179000629705, 1.2234469922842064, 1.2236696797925832, 1.225891896286063, 1.2250650275221335, 1.2260649084630786, 1.225274734061763, 1.2237789954680955, 1.2234698875826597, 1.2281003767959409, 1.2288153950795535, 1.232019200712343, 1.2235253626791822, 1.2227771452346052, 1.2218148472090287, 1.2221189625345927, 1.2217187300272658, 1.2225393331697083, 1.2262494292257538, 1.2250235404036847, 1.2233674596202706, 1.2214573529595016, 1.2218675529853293, 1.22124879211411, 1.2215737543102165, 1.2228617559927468, 1.2223227193322845, 1.2220422752087037, 1.2229153733997, 1.222333422681163, 1.2224731816844028, 1.2234696677649648, 1.2237747748864016, 1.224469181510632, 1.2238526518062762, 1.2236455498932906, 1.2238743293094612, 1.2235756713564925, 1.223270692892988, 1.2237905828332216, 1.225993728755259, 1.2283492451617521, 1.2302988682739566, 1.2240865875480178, 1.2230119671768391, 1.2231685122676406, 1.225548737506345, 1.2260266307463792, 1.2269048618129772, 1.2227822796158416, 1.2230171417684497, 1.2229498873477205, 1.2231685949644802, 1.2258398720361618, 1.2268132779958285, 1.2279690631653533, 1.2235705570880138, 1.2232294016368617, 1.2231343594101136, 1.2235664603439866, 1.225489059091412, 1.2262208188072852, 1.2269466278102956, 1.22276360910877, 1.2229659954602154, 1.2228345465957438, 1.2232474625294354, 1.2252188100046608, 1.226620402506388, 1.2289651167324367, 1.2275611329406688, 1.2230604403624517, 1.2228746493615223, 1.2231496537836366, 1.2255779827142164, 1.2264692928121754, 1.22709347746052, 1.2228394732382333, 1.2230083273281733, 1.2228412787355005, 1.223053523438136, 1.2252281703504544, 1.2262487853510435, 1.2267349394250227, 1.2227661914915142, 1.2228301959257155, 1.223426483467059, 1.2295684790134322, 1.2230805149379664, 1.2241092272305536, 1.2201207748538594, 1.2201653091264641, 1.2203072086969093, 1.2203660213233674, 1.2206030789994302, 1.220561473665276, 1.2200558543784774, 1.2213947694387157, 1.2222432989426182, 1.2211301129661836, 1.2226869139582326, 1.2225583906481925, 1.2225946597761381, 1.222396370750292, 1.2224657411457693, 1.2224430708850187, 1.2225681682559948, 1.2227504138070209, 1.2226381232211576, 1.222693193773576, 1.2230049161211234, 1.2233383356253085, 1.2228541163005082, 1.2226305798614163, 1.22267909328832, 1.22229062765912, 1.2220247034729745, 1.2220765391983215, 1.223190749523311, 1.2252296552614454, 1.223115999260662, 1.2230063480320181, 1.2224936021240573, 1.2228323208238194, 1.2240093384681667, 1.225079711872208, 1.2246923367224103, 1.2225785907436084, 1.2225614296164322, 1.2225095660589456, 1.2226116706509838, 1.2239437013063346, 1.2260485446307476, 1.2253257397910828, 1.222358311389935, 1.2223478529164913, 1.2223140836578759, 1.222463686900152, 1.2237370394829752, 1.2240453007919505, 1.2244297661440118, 1.222211120949295, 1.222663928768574, 1.224039154544347, 1.2307326628223556, 1.2312978621190651, 1.2253505389863066, 1.2304183066714245, 1.2287675734427306, 1.222549052349625, 1.2231745387776831, 1.2232004487073895, 1.2255215382139972, 1.2251875995676897, 1.2249891811003026, 1.2231029564217037, 1.2231163862046683, 1.2232652414238883, 1.2234731885904215, 1.224775710668536, 1.225334958259989, 1.2249877900315658, 1.223151702857708, 1.2230201586023037, 1.2246469445402377, 1.231367456926697, 1.2195176835804151, 1.2194744221798473, 1.2198786481517456, 1.2203150258417503, 1.220902500844314, 1.2282241202335857, 1.2549268558286826, 1.247563950342155, 1.229521457948683, 1.225713943868652, 1.2225673423869436, 1.221908996783321, 1.2220198914494003, 1.2220213399281612, 1.22195308455727, 1.2222433764879457, 1.2222361515751248, 1.222642922635982, 1.2295658765856028, 1.225898638638437, 1.224025691881706, 1.2236424163611808, 1.2220826942360186, 1.221345594820476, 1.2211122567042252, 1.2228930039744192, 1.2343211081802163, 1.2344843914985477, 1.2260607526821523, 1.229653933675972, 1.230052337983091, 1.2226037073654734, 1.2218284605878023, 1.2222958456831277, 1.2225181499539823, 1.2215960498811103, 1.2211615184848, 1.2212201968247633, 1.2214438024111165, 1.221577722519653, 1.2221335055000182, 1.223081157645575, 1.221831893652228, 1.221454762894403, 1.221611188495841, 1.2215860025684337, 1.2238936366154844, 1.2320804364159548, 1.2343520115438966, 1.2269522419979138, 1.225305424721912, 1.2244925449444695, 1.2243739332057113, 1.2247008126850938, 1.2283350665433193, 1.2273151095055201, 1.2302073606435941, 1.2250355406397746, 1.2218444336059893, 1.2218836674861704, 1.22250036071441, 1.222852399863997, 1.222855838667182, 1.222722783928472, 1.2228198379238262, 1.2235790944688023, 1.2329208429025835, 1.2238148615378857, 1.2239860920188295, 1.222866538944187, 1.222467577267725, 1.222341432077946, 1.2223538795122804, 1.222337732969943, 1.2223874135215815, 1.22296433126121, 1.2253266190185326, 1.224808446473245, 1.223840704344596, 1.223066941229892, 1.2233224888805856, 1.2233562197583974, 1.223636436261039, 1.2258413285660317, 1.2240966381883875, 1.224040422523557, 1.2235956126894412, 1.2232306088325076, 1.222691252995029, 1.222710063972725, 1.2228252987358965, 1.2228470444462758, 1.2225370618682085, 1.2228233941333908, 1.223052958514149, 1.2229372346775793, 1.2224952592253229, 1.2233963648346262, 1.2230255206948564, 1.2224987327830938, 1.2225373167663593, 1.2227077244902804, 1.2225801197888417, 1.222713926805703, 1.2252049329380743, 1.2239374712833209, 1.2224535089247703, 1.2225651216706743, 1.2227686986868425, 1.2225452900697622, 1.2229097151582176, 1.2253530183994614, 1.2242362969280314, 1.222546877254058, 1.222547213117747, 1.222634886596589, 1.2224646201709224, 1.2225723241861757, 1.2252366351061257, 1.2239888408070687, 1.2220832824689654, 1.222187005777988, 1.222214679518774, 1.2223949358291137, 1.2226850571246057, 1.2267497127038394, 1.227048007340006, 1.224179578297437, 1.222630130105573, 1.2227269136390941, 1.2227766338488013, 1.222993609304883, 1.2256033668517792, 1.2243186373538653, 1.2228946192058527, 1.2229348805170217, 1.2228689755904836, 1.2226854689571287, 1.2257749497271797, 1.2267510288790024, 1.2240836620118525, 1.222694987403895, 1.2227175945000792, 1.2227809366920475, 1.225417801506935, 1.2324715155669022, 1.23127787661014, 1.230394954057094, 1.2290186576214968, 1.2280779055960067, 1.2269787876690212, 1.2262796370820084, 1.225626588805886, 1.2248214962057629, 1.2242060196014737, 1.2239745181330755, 1.2241463470483689, 1.224246616942005, 1.2251766311915284, 1.2261535771085241, 