{"perf": {"r2_score": 0.9810925259992208, "mean_absolute_error": 0.18617392476566236, "mean_squared_error": 0.060948069732431005, "median_absolute_error": 0.15366361636169223, "RMSE": 0.43147876513875205}, "std_test": [1.5199438835608758, 1.5198972379915876, 1.5202709324629862, 1.5203959613618532, 1.5206750364731934, 1.5209177275583114, 1.5199913266994416, 1.5200208141987193, 1.5201002821288239, 1.5202297226517796, 1.5204091230042875, 1.5206384655040168, 1.5209177275583114, 1.5199913266994416, 1.5200208141987193, 1.5201002821288239, 1.5202297226517796, 1.5204091230042875, 1.5206384655040168, 1.5209177275583114, 1.520193654552469, 1.520119295408766, 1.5201989564075082, 1.520443701958798, 1.5206223887715258, 1.5208510109196274, 1.5213367636700126, 1.5205581909614294, 1.521024543534775, 1.5211652624094503, 1.5210180755754739, 1.5213138271299989, 1.5214070363852061, 1.5220775740955546, 1.5215290833280477, 1.5216644930725018, 1.5222685612738984, 1.522082807975303, 1.5228550029688512, 1.5230354549663832, 1.5254157928039604, 1.525194157099671, 1.526442758820834, 1.5271870617943073, 1.5260295458316318, 1.5271870617943073, 1.5260295458316318, 1.5258802736905228, 1.525819661255459, 1.5264122864854446, 1.5271531990194933, 1.5261843889629436, 1.524083481137686, 1.5234935697958027, 1.5231227963929224, 1.5239283702662219, 1.524304474513714, 1.5246224386126424, 1.523438090846281, 1.5233867121422264, 1.5238145552841083, 1.5235120201208232, 1.523171497315484, 1.5237942690818507, 1.5246212718596635, 1.5241982523062738, 1.5241296879849129, 1.5246730826339159, 1.5249379498520197, 1.5254589660338307, 1.525969625776552, 1.5358755856804795, 1.5380007135797595, 1.5360955569966441, 1.5330760372577839, 1.5313628450313574, 1.5302858156973527, 1.5288131872534172, 1.5278498862914425, 1.5271190192157529, 1.5260748198999634, 1.5237691158009599, 1.5228041600368267, 1.5219666933689395, 1.5212885042315378, 1.5209774196240275, 1.520850311983965, 1.5211681489607964, 1.520264277301898, 1.5202900301690996, 1.5203657548754002, 1.5204914439545894, 1.5206670850174153, 1.5208926607576874, 1.5211681489607964, 1.520264277301898, 1.5202900301690996, 1.5203657548754002, 1.520532307778954, 1.5207081422723705, 1.5209339100442072, 1.5212095888621724, 1.5203045526235253, 1.5204287361310156, 1.5205050484599403, 1.5206313205068338, 1.5208075398272891, 1.5211565047833708, 1.5214761297160142, 1.5207128380867554, 1.520649445362936, 1.5208904670002135, 1.5212521030003894, 1.521432685750371, 1.5216959608033978, 1.5217806895810118, 1.5209092733990153, 1.5211210983465067, 1.521594048889884, 1.5213884122471104, 1.5217443868320908, 1.5218973049043458, 1.5228858148811597, 1.523231389841002, 1.5241316519190444, 1.525078153424352, 1.5260783143921284, 1.5276298410334788, 1.528777164643013, 1.5294162434453935, 1.5271593424475192, 1.527352058807821, 1.5279996080199907, 1.5277230221214197, 1.527475920429701, 1.525961520394012, 1.5262966481230924, 1.5248813944741797, 1.5244530726036343, 1.5250068736457039, 1.5243678250280355, 1.5249152271919322, 1.525272498586644, 1.525404843731837, 1.5245320733764862, 1.52451493163769, 1.5254717986684785, 1.5253888671583973, 1.5257934826059787, 1.5266445718983506, 1.5233091431789265, 1.5226319031325013, 1.5220277725834217, 1.5215258754629626, 1.5211250829560246, 1.5208591179252526, 1.5206916106907165, 1.5194310047744104, 1.5191208691021416, 1.5189245650626135, 1.518837532690049, 1.5188723556817798, 1.519014278624107, 1.5192387021100417, 1.5183362574139243, 1.518361613727818, 1.5184370053714933, 1.5185624248926801, 1.5187378598972598, 1.5189632930553867, 1.5192387021100417, 1.5183362574139243, 1.518361613727818, 1.5184370053714933, 1.518594502664734, 1.5187701323671614, 1.5189957591094723, 1.5192713606165102, 1.5183677445969443, 1.5184739800091875, 1.5185499613701459, 1.5186759668094392, 1.5188519838769283, 1.5191277642755607, 1.519362630203894, 1.5184847010687965, 1.5185452465451252, 1.518668435260333, 1.5188847549476816, 1.5193791643789067, 1.5197390126296935, 1.519809199832358, 1.5190029032271288, 1.5190112954041552, 1.5190438997601416, 1.5192413910744857, 1.520035797551613, 1.5200497403726994, 1.5208972137765706, 1.5209698953656423, 1.521423568459393, 1.523691736706177, 1.523140760444317, 1.522251524715903, 1.5235045049319649, 1.525958262890714, 1.5279566598776673, 1.527917946908612, 1.5262461168444401, 1.5258261821771242, 1.5263291868340196, 1.5284507360790842, 1.5291416022143198, 1.5250456739032239, 1.524240417638105, 1.5245044621543316, 1.525741252420273, 1.5254328976533904, 1.5253527411267507, 1.525651986418963, 1.524634035465458, 1.5255239845847681, 1.5263548188674902, 1.526532014674564, 1.5273382888913953, 1.527563680591865, 1.5193161979675156, 1.519441173852757, 1.5196161363866216, 1.5199256234232286, 1.5202800194734194, 1.5223345608664307, 1.522187779469448, 1.5222738409763248, 1.522632251877231, 1.5226620423868824, 1.5262967094028728, 1.526166674686399, 1.5245217058468366, 1.524916621179796, 1.5237317367400127, 1.5243049100144332, 1.5243934441043412, 1.5250214227742864, 1.526461263476577, 1.5252634265355827, 1.523610833289238, 1.5231683772985543, 1.5222939426868956, 1.5222573360341645, 1.5225795442819579, 1.5250594745409825, 1.5234910757867677, 1.5241636366020348, 1.522088693490068, 1.5230010906490121, 1.5242431439944817, 1.5243854751549766, 1.525360614132202, 1.5225307831297687, 1.52277510906035, 1.5228927882768155, 1.522817578121318, 1.5235164509340042, 1.5230590532556676, 1.5240865154344918, 1.52350205113672, 1.523941234903362, 1.524399063837445, 1.5239572802334487, 1.5245062593333731, 1.52519437586447, 1.5249022723781385, 1.5242345374156299, 1.5239679277156009, 1.5221194924181456, 1.5214731719960142, 1.5214634543897114, 1.5211606696198074, 1.521111449295606, 1.521118882257217, 1.5212787245818529, 1.5203714121882785, 1.5203977476435533, 1.5204740513585828, 1.5206003158111465, 1.5207765285570785, 1.5210026722363974, 1.5212787245818529, 1.5203714121882785, 1.5203977476435533, 1.5204740513585828, 1.5206003158111465, 1.5207765285570785, 1.5207992056350026, 1.5209236112464621, 1.5198974807059635, 1.5202716581100983, 1.520351222591348, 1.5204807514046896, 1.520660231782339, 1.5208896460399246, 1.521537545160311, 1.5206485922615407, 1.5211661011933517, 1.5212108094802776, 1.5215793804300801, 1.521320008406897, 1.5212158040682855, 1.5215095634833877, 1.5212355336151089, 1.5217386865266767, 1.5216877134252882, 1.522896079371613, 1.5234425745860467, 1.524283126167416, 1.5254065010208364, 1.5248756646002273, 1.5243598719374438, 1.5244999504447714, 1.5242150540829396, 1.5246028786558488, 1.524974444824881, 1.5249321111231688, 1.5233789289427628, 1.5230476032242595, 1.5233821381262564, 1.5235096844906804, 1.523515579690305, 1.5236503753414905, 1.5240659658682532, 1.5238956110456958, 1.523951109997268, 1.5243939808315234, 1.5244746465813486, 1.525186896619699, 1.5258396599930866, 1.5262785667131429, 1.5260321877009062, 1.5265175015655474, 1.527484615319402, 1.5278158185560922, 1.5284121418582803, 1.528896359913893, 1.5208306065458363, 1.517648502534409, 1.5178471439760077, 1.518058758198671, 1.518476454918216, 1.5186685105618676, 1.5184276061463646, 1.5178970877636397, 1.518103218695545, 1.5185498790504357, 1.5183571654550228, 1.519793988114661, 1.5211954279434003, 1.5202959304163963, 1.5193734784008752, 1.519487901562146, 1.5198082927335466, 1.5211494286207992, 1.5204196507208305, 1.5203701765008795, 1.5203302504539904, 1.519647497796862, 1.5199836759225074, 1.5199411818881776, 1.5196641234710646, 1.5188537713731123, 1.5191125793345033, 1.5196351660444278, 1.5190835767403168, 1.5196726852084, 1.5203524243796391, 1.522732317515563, 1.522285632525931, 1.5215118099731058, 1.5208944025656677, 1.5196978766266578, 1.5213954758554662, 1.5219531857365265, 1.5212934088599612, 1.521223056158796, 1.5210354257612164, 1.5347047662912021, 1.5348970774400155, 1.533724934810805, 1.5336306240544644, 1.5336883064502334, 1.5339286705460577, 1.5343642191093725, 1.5336688226281059, 