{"perf": {"r2_score": 0.9758490763066847, "mean_absolute_error": 0.18797159018420778, "mean_squared_error": 0.07785028192037408, "median_absolute_error": 0.12233236868412578, "RMSE": 0.4335569053586943}, "std_test": [1.5198684802710554, 1.5197423967574701, 1.5199853391879283, 1.5199306853525407, 1.5199788686951323, 1.519942129801992, 1.519942129801992, 1.519942129801992, 1.519942129801992, 1.519942129801992, 1.519942129801992, 1.519942129801992, 1.519942129801992, 1.519942129801992, 1.519942129801992, 1.519942129801992, 1.519942129801992, 1.519942129801992, 1.519942129801992, 1.519942129801992, 1.5201448167119356, 1.520040592842656, 1.520040592842656, 1.5201590385400783, 1.5201590385400783, 1.5201590385400783, 1.520366159403922, 1.5205094965621622, 1.5209421361138098, 1.5209937929435235, 1.5207058082810823, 1.5208054255893608, 1.5206741748518513, 1.521065316452895, 1.5214830373332158, 1.521586237370039, 1.5221085066573747, 1.5217879049658423, 1.5224061092655947, 1.5223657133431074, 1.5244759697823174, 1.5251893144088489, 1.526427517174436, 1.5270877649768955, 1.5259365308413715, 1.5270877649768955, 1.5259365308413715, 1.5257276689722177, 1.5255016540284831, 1.5257983778507098, 1.5262028544091855, 1.5261642135908289, 1.5240097688692231, 1.52331110127381, 1.5228534102077744, 1.5235827930589978, 1.5237076025343457, 1.523645970064283, 1.523412017137252, 1.5233094232479065, 1.5236371994690991, 1.5232308276344604, 1.5227940830920002, 1.5231875709107014, 1.523679267505192, 1.5241726934417865, 1.5240674201701507, 1.5245148974118665, 1.5246852480573545, 1.5251135700867784, 1.5253889173815127, 1.535564975261622, 1.5375032658163994, 1.535303205053921, 1.5331403632190441, 1.5313897781215209, 1.5302297043210158, 1.5286199909407368, 1.527471666353903, 1.5265071654272506, 1.525177535381273, 1.5237516345311035, 1.5227541270949823, 1.5218341341826764, 1.5210236463067475, 1.5205320312466344, 1.5201755762516176, 1.520219153217321, 1.520219153217321, 1.520219153217321, 1.520219153217321, 1.520219153217321, 1.520219153217321, 1.520219153217321, 1.520219153217321, 1.520219153217321, 1.520219153217321, 1.520219153217321, 1.5202595808225725, 1.5202595808225725, 1.5202595808225725, 1.5202595808225725, 1.5202595808225725, 1.5203577320695663, 1.5203577320695663, 1.5203577320695663, 1.5203577320695663, 1.5204789408675476, 1.5205154731922186, 1.520671660141925, 1.5205818628925996, 1.5207453103645305, 1.520978095149861, 1.5209820422441787, 1.5210024976205772, 1.520795668854523, 1.520873193901596, 1.5210521376256012, 1.521425641149318, 1.5210826978881957, 1.5212433296470813, 1.5211591947939445, 1.5218713634841807, 1.5232125705446709, 1.5241019049111317, 1.5249770879468312, 1.5258903772180454, 1.5273175984751222, 1.5281702948301599, 1.5284492064844986, 1.5271478458589347, 1.5273146985204311, 1.527860988560806, 1.5274719429954944, 1.5271326795194609, 1.5253345646056529, 1.5252929209081654, 1.5248598810304717, 1.524376415254462, 1.524833004451559, 1.5240892753929416, 1.5245641349678711, 1.5246848554353438, 1.5244558270541353, 1.524502352947757, 1.524447391293561, 1.525318713376442, 1.5251380812243018, 1.525457757576897, 1.5260711477429922, 1.5232718848137394, 1.5225708089278633, 1.5218924009823365, 1.5212656177745547, 1.520689398459765, 1.5201975882384424, 1.5197544218119345, 1.5193811125482173, 1.51904641051116, 1.5187749492254516, 1.518562208030966, 1.518420638051751, 1.5183358079414406, 1.5182836795536465, 1.5182836795536465, 1.5182836795536465, 1.5182836795536465, 1.5182836795536465, 1.5182836795536465, 1.5182836795536465, 1.5182836795536465, 1.5182836795536465, 1.5182836795536465, 1.5182836795536465, 1.5183152787208458, 1.5183152787208458, 1.5183152787208458, 1.5183152787208458, 1.5183152787208458, 1.5183957966967572, 1.5183957966967572, 1.5183957966967572, 1.5183957966967572, 1.5184447145870672, 1.518407447340412, 1.5184326856288644, 1.5184672698017299, 1.5185137346760718, 1.5186009074173683, 1.5189081740571186, 1.519027690896985, 1.5188325346254428, 1.5189537072957766, 1.5189344612473894, 1.5188895992202922, 1.518951549409194, 1.5195399305713337, 1.5193137653144801, 1.519863055721792, 1.5209242753451044, 1.5213460690083096, 1.5235436325930802, 1.5228750190504698, 1.5218518145732822, 1.5228717271155088, 1.5250305435239557, 1.5279795119022022, 1.5278982568285002, 1.5261239488265066, 1.525603938412909, 1.5259986833911336, 1.5279221662558244, 1.528306057563546, 1.5250263335558798, 1.5241743613250645, 1.5243502581795354, 1.5254979600228349, 1.525058337657852, 1.524722108072349, 1.5246882230806549, 1.524598573762208, 1.5254638293124116, 1.526201705852226, 1.526280837180617, 1.5270095231734815, 1.5269930978598758, 1.5191798953035083, 1.5191798953035083, 1.5191798953035083, 1.5192628436406987, 1.519350308499581, 1.522323190487742, 1.5221576619082942, 1.5221734346414264, 1.5224067759596454, 1.5222432191266106, 1.5255421982464537, 1.5251055052121818, 1.5245473247078758, 1.52489501831542, 1.523612643480375, 1.5241429160239885, 1.5240905513245009, 1.524535616362732, 1.5257439829391017, 1.5253055755247302, 1.523591392826871, 1.5230571571004106, 1.522055013073038, 1.5218807587038248, 1.5219682235826513, 1.5242173978959255, 1.5234651995338002, 1.52411599701926, 1.5219476015636524, 1.52276875954369, 1.5238459507477193, 1.5237683604459369, 1.5244304768196681, 1.52249446310113, 1.5227131207456475, 1.5227483597408218, 1.5225472724748013, 1.5231206267986022, 1.5224164466249641, 1.5231279234035517, 1.523483366300214, 1.5238941565194986, 1.5242718955273704, 1.5237036785137756, 1.524135399198158, 1.5246042172667562, 1.5245170671000456, 1.5236166861074456, 1.523064719528383, 1.5220972046723376, 1.5214153034223066, 1.5213225977426357, 1.5208908655480498, 1.5206646177957819, 1.520443429508362, 1.5203269709088332, 1.5203269709088332, 1.5203269709088332, 1.5203269709088332, 1.5203269709088332, 1.5203269709088332, 1.5203269709088332, 1.5203269709088332, 1.5203269709088332, 1.5203269709088332, 1.5203269709088332, 1.5203269709088332, 1.5203269709088332, 1.5201183756161505, 1.5199598047016538, 1.5198512738229506, 1.5201963951464779, 1.5201963951464779, 1.5201963951464779, 1.5201963951464779, 1.5201963951464779, 1.5205472036191146, 1.5206048052929568, 1.5210883128876904, 1.5210487587941566, 1.5212911914242628, 1.5208819782815113, 1.5205721179172993, 1.5205856846223962, 1.5211981971546535, 1.5216844655346637, 1.5215502928871179, 1.5226332761031056, 1.523024635216362, 1.5236401825335613, 1.5244491677960044, 1.524846846939885, 1.5243012171306132, 1.52436134905177, 1.523957967793519, 1.5242281684553864, 1.524373972046755, 1.52398857526935, 1.5233456437436106, 1.5229853474713593, 1.5232371829812237, 1.5232535974002912, 1.5231600011034618, 1.5230636722821829, 1.5231442608633512, 1.5238631937451843, 1.5238876600522244, 1.524240241406322, 1.5242042470373756, 1.524826431375924, 1.5252545204882917, 1.5253553056562459, 1.5260032463683861, 1.5264585239190602, 1.5273429785755999, 1.5275678279610565, 1.5280725853375312, 1.5283422735171248, 1.5207747915999794, 1.5175635451802234, 1.5176785882112132, 1.5177575790777087, 1.5179920219741325, 1.5179663344345826, 1.5174851707431545, 1.517847180528781, 1.5180316277077726, 1.5184075365361187, 1.5180853353432013, 1.5193220366290876, 1.5204703318513892, 1.5192775255291817, 1.5193310564000704, 1.5194099937944678, 1.5196502168680035, 1.52089011657675, 1.5199932699717797, 1.5196619898288077, 1.5192690320890834, 1.5196054836194308, 1.5198990761653877, 1.519737676213352, 1.5193528171909156, 1.5184207780501542, 1.5184327455686302, 1.5186114822137766, 1.5190340447823685, 1.5195737225581694, 1.5201445818174641, 1.5224290050420861, 1.5218728584900718, 1.520852653193505, 1.5199206608149647, 1.5196578983586329, 1.5213499385758311, 1.5218172569712916, 1.5210525830102544, 1.5208972694193703, 1.5204855121747758, 1.5340383246281217, 1.5339665528103446, 1.533693075784993, 1.5335700474401341, 1.5335469923404383, 1.5336511401004231, 1.5338888320982609, 1.5329625983999675, 1.5327102970427635, 