{"perf": {"r2_score": 0.9362290127614066, "mean_absolute_error": 0.13234986846148017, "mean_squared_error": 0.07195788212546132, "median_absolute_error": 0.054738640665956684, "RMSE": 0.36379921448716757}, "std_test": [1.229581274325455, 1.2386440189478265, 1.233781031137172, 1.2301047142746835, 1.2304088934984858, 1.22890919848149, 1.2281165500524776, 1.2273643450586067, 1.227278443766679, 1.2273108045821561, 1.2307561073421038, 1.2299934805157375, 1.2293250329994134, 1.2284228846259801, 1.2273221637652123, 1.2286909497943848, 1.2281949018666984, 1.2280311328124942, 1.2275767276544438, 1.2284696549034804, 1.2278800595967723, 1.227492093554001, 1.2275976308750562, 1.2275773134326777, 1.2277533455010838, 1.227919523633614, 1.2277872242471422, 1.2296091566285914, 1.23138355629852, 1.2416471673642377, 1.2336833841309862, 1.2392317585052917, 1.236329232133446, 1.2325657202194378, 1.2325822500056838, 1.2388495556086456, 1.2353328095253715, 1.2326034221633388, 1.2348560435611706, 1.232400918508532, 1.2301575318662505, 1.2300728315943643, 1.230060802497495, 1.2311938037175543, 1.2309555552615155, 1.232646035298793, 1.2313152665780591, 1.23000242828318, 1.229919889227619, 1.230204479137323, 1.2313168069042135, 1.230223646287385, 1.2316483900508177, 1.2311418544487287, 1.2299749436917253, 1.2301092325267948, 1.230272765095668, 1.2317349287659758, 1.2319005401962042, 1.2350570720620964, 1.239410992345229, 1.232854608159579, 1.2301062282672062, 1.230375119825173, 1.232003633483278, 1.2312299478892599, 1.2326844461416828, 1.2318034742535164, 1.2301754318997007, 1.229996623248971, 1.2301698983397118, 1.2320115052839635, 1.2306009261276303, 1.2321995998784239, 1.231602115048868, 1.2303389671150655, 1.230017149523114, 1.2342324761007581, 1.2345832736520281, 1.2374465855991446, 1.2302775697787298, 1.229448246989884, 1.2285689319860573, 1.228908778802498, 1.2285435674198573, 1.2293222386240943, 1.2327693541519469, 1.231700933665268, 1.2300077480693326, 1.228310768178739, 1.228699927888092, 1.2281591953688975, 1.2284479909476418, 1.2296427580317189, 1.2291284184572535, 1.2288294453042872, 1.2296029254003338, 1.229198066973592, 1.2293656859548696, 1.2303332069495592, 1.2306339407666553, 1.2313123234100076, 1.2307155420215459, 1.230476397285079, 1.2306998886054876, 1.230441662217854, 1.2301326323525867, 1.2306080676445312, 1.2326037435961186, 1.2345763242041865, 1.236533502243084, 1.230884590608318, 1.2298324782532268, 1.229669402164027, 1.2310967050432864, 1.2316306192381792, 1.2325358106093536, 1.2295722844605583, 1.2296973373359708, 1.2297108475213194, 1.2296780377635257, 1.23117876584306, 1.2322127694342562, 1.2332987691012973, 1.230370809647591, 1.2299003170780418, 1.2298688602661711, 1.2299684239250364, 1.2309513297579768, 1.2320003561733484, 1.2327750515402465, 1.229576561076057, 1.2296469238360863, 1.2296309911505419, 1.2297334763994423, 1.2308867311769718, 1.2325664700606256, 1.2345886238173125, 1.2342865269801797, 1.2298016093213728, 1.2296120170212668, 1.229672030918915, 1.231435660520634, 1.2324265055089756, 1.2330568969091975, 1.2296917856133194, 1.2297342760352128, 1.2296685059434205, 1.2296972645350703, 1.2313101387992416, 1.232341416997279, 1.2329603551972612, 1.2296438148211288, 1.2297130326183345, 1.2302114161447528, 1.235901027482913, 1.2295579964074055, 1.2305080587394357, 1.22691492385608, 1.226924995240979, 1.2271039448607897, 1.2271711024016516, 1.227325337351599, 1.2272840270818344, 1.2268809372064862, 1.2281906341604198, 1.2288594017128134, 1.2278850262105698, 1.229496855114078, 1.2294319147809278, 1.2294300690953834, 1.2292403244724792, 1.2292002611174613, 1.2292181428555713, 1.2294261933654376, 1.2296211155305394, 1.2295280416749301, 1.2295622654574672, 1.2298639785403962, 1.2301193771260492, 1.2296957835555706, 1.2295063028179147, 1.2295299098081138, 1.2291280226761154, 1.2288558411754211, 1.2288929881879134, 1.229907784930734, 1.231853943005116, 1.2298955206301396, 1.22976381817744, 1.2292551773524643, 1.2295816998610616, 1.230585583478198, 1.2309778602532468, 1.23088438945403, 1.2292518473051883, 1.2291954967112864, 1.229139470406136, 1.2292688961359597, 1.2303640920970744, 1.2314029852197523, 1.231154843548816, 1.2290369863531243, 1.2290034801910221, 1.228984008255852, 1.2291700362816442, 1.230277071136081, 1.230170291276126, 1.2307633504835493, 1.2290563069812293, 1.2294241720848005, 1.2308364711619533, 1.2372521114007495, 1.237853940335477, 1.23166947392202, 1.2364371067268796, 1.2354680165200675, 1.229384015926676, 1.2299606937757899, 1.230028246068529, 1.2323049148426228, 1.2316469806109047, 1.2316968866242841, 1.2298880994544716, 1.2298842600222242, 1.230042722484438, 1.2302936599820458, 1.2315976439292728, 1.2317393886474213, 1.2316432310267738, 1.2298379362978957, 1.229772091237297, 1.2313066105282577, 1.2374040454700561, 1.2261535926529281, 1.226159309982575, 1.2265557331599988, 1.2267792322402853, 1.2268281120304048, 1.233611875400962, 1.2560319775961954, 1.2508618740041888, 1.2351437012606954, 1.23229176400629, 1.2291136518505852, 1.2286391924075, 1.2287810319870183, 1.2287389260089536, 1.228644297789912, 1.2289215497238506, 1.2289201956920814, 1.2293115546899704, 1.2360000791540067, 1.2322801238111174, 1.2304783348042578, 1.2303308029544369, 1.2288318629297805, 1.2281619396345007, 1.2279296681659428, 1.2295666793281248, 1.2407486215974337, 1.240631879461148, 1.232702869263291, 1.2362945601290845, 1.2365976927837308, 1.2292808404478435, 1.2284324556645765, 1.2287513112704336, 1.229084223668345, 1.2284468172342085, 1.228023006630827, 1.2281039267066824, 1.2282206902433206, 1.2283151584079801, 1.2288257279774017, 1.2297007054201727, 1.2286525102261712, 1.2282527255726146, 1.2284132682708995, 1.2283329771696985, 1.230468738040612, 1.238507078186194, 1.2404689831061426, 1.2334748254497538, 1.231911624615698, 1.231228793232069, 1.2309041230162427, 1.2312054817908633, 1.2348879364037368, 1.233698582722852, 1.236591240403356, 1.2316389192756216, 1.2286865236892115, 1.2286529953402703, 1.2291954943027041, 1.2295519538153392, 1.2295317908533188, 1.229508084981995, 1.2295817628590617, 1.2303561898117363, 1.239392806456754, 1.2298170392556933, 1.2304921368564146, 1.2297042614228206, 1.2293209886072454, 1.2291869274122418, 1.2292103242591865, 1.2291676941839613, 1.2292364437708452, 1.229769066055805, 1.2320281331627119, 1.2314077143308322, 1.2305946425623469, 1.2299272595576671, 1.2301601160757831, 1.2301883627211039, 1.2304868445558557, 1.2325598730821672, 1.2309330787370147, 1.2308864295465192, 1.2304405746955107, 1.2300254740579546, 1.2295416851817111, 1.229543448712685, 1.2296388462267036, 1.2296220308225478, 1.2292101063531653, 1.229405237696286, 1.229607295466248, 1.229442587424975, 1.2293110052663139, 1.2301750734651684, 1.2297520014522596, 1.2291009974461453, 1.2291044956078923, 1.2292145696848702, 1.2290548648197732, 1.2294487394569136, 1.2316955502106737, 1.2305647747578514, 1.2289304684937603, 1.229055186307125, 1.2290315094707784, 1.2288107142280211, 1.2294293736498765, 1.2317670659633684, 1.230755831839189, 1.2289670402719406, 1.228869394239804, 1.2287981715752359, 1.2286963253127463, 1.2292474216988816, 1.231771538770603, 1.2305780611697297, 1.2285604763383684, 1.2285401740605721, 1.2285440726901744, 1.2285751673493606, 1.2293412137623032, 1.2330640154778754, 1.233276676307185, 1.230474284747704, 1.2286603638638458, 1.228685896886382, 1.228693081361366, 1.2294151705523613, 1.2321002224727722, 1.2307563208738952, 1.229130458621226, 1.2291205560097633, 1.2290194624045248, 1.2287134355824603, 1.2322774835460601, 1.2332187246523534, 1.230460920756998, 1.228871242039458, 1.2288447487806393, 1.2286995411148447, 1.2316227533586448, 1.2354143841679077, 1.2348731447175745, 1.234425642651059, 1.233552702042091, 1.2331552373367858, 1.2325951975590272, 1.2323526961854256, 1.2320129489574196, 1.2314242886549818, 1.2309410551602293, 1.2307768143038262, 1.230949814852893, 1.2309907836249534, 1.2318071817999952, 1.2325946837750201, 