{"perf": {"r2_score": 0.9081770101949124, "mean_absolute_error": 0.14486145660021776, "mean_squared_error": 0.09680682319327616, "median_absolute_error": 0.053804649030107586, "RMSE": 0.3806066954222137}, "std_test": [1.1705611774211657, 1.1788621949678537, 1.1744283440007504, 1.1711438770708809, 1.1711791675047962, 1.1698752747423453, 1.1691621989793364, 1.1686303511791936, 1.168579282869613, 1.1686388717907656, 1.171250097140901, 1.170535848774671, 1.1700417554897404, 1.1693431188120753, 1.1685922599778746, 1.1695845303224637, 1.1693210299406893, 1.1691151481991424, 1.168719933575697, 1.169539518707481, 1.1691159708147858, 1.168881539510452, 1.1689696942878434, 1.1688979625128137, 1.1689836683235622, 1.1690537580202838, 1.168981733442839, 1.170522966995398, 1.17200469144158, 1.1804325931013397, 1.174047009282923, 1.1776424739412028, 1.1750823011550637, 1.1728079095330162, 1.1726370390711298, 1.1784003426935146, 1.1756816249545514, 1.1736426603436423, 1.1749415026038408, 1.1727702094934287, 1.1711604615537097, 1.1711087777735, 1.1710858254807461, 1.1719966094170413, 1.171849819073002, 1.1730068437328587, 1.1719729317098717, 1.1710377509592935, 1.170993585986176, 1.171199045009447, 1.1720870883242152, 1.1713004950093282, 1.172250410433442, 1.1718298587261147, 1.1710337321779611, 1.1711544242558865, 1.1712536431665976, 1.1723965277346557, 1.172668530286375, 1.1749358827147045, 1.1782169148046184, 1.173084176678585, 1.1711282490772, 1.1712934084930826, 1.1725589291315395, 1.1720129079946984, 1.173026319516602, 1.1722833700296886, 1.1711199707115223, 1.1710218425009002, 1.1711279036686428, 1.1725321509363862, 1.171521364035879, 1.1725806686014995, 1.1720299345128034, 1.1712185194243543, 1.1710537904432514, 1.1745911123786157, 1.176702641093031, 1.1719798670442068, 1.172004451894501, 1.1767624352005708, 1.1709340972005498, 1.1704163050003336, 1.1697362318122828, 1.1699572409512644, 1.1697338403996975, 1.170278076221981, 1.1725579691053851, 1.1720042995278432, 1.1708069841983268, 1.1695241156716534, 1.16980269701663, 1.169451830588547, 1.1696773652195547, 1.170409481359842, 1.1703640033681943, 1.1728532319314242, 1.1706302384706644, 1.1706870043956679, 1.170747586156671, 1.1708436498987786, 1.170940646485326, 1.171431317430975, 1.1709926589893205, 1.1708350408938522, 1.1709682093446714, 1.1707796463772606, 1.1705907188989522, 1.1709614807722097, 1.1727692638487255, 1.1746857232667434, 1.1758121947182614, 1.1716311001971709, 1.1707846989896944, 1.1706702666645308, 1.171807088932979, 1.1722625752966036, 1.1729832087599665, 1.1706228050904182, 1.1706978584602301, 1.1706914463581055, 1.1706835968424854, 1.1718657490738111, 1.17274726137831, 1.1735328103956835, 1.171200011322876, 1.1709044297642865, 1.1708973655714365, 1.1709435800090013, 1.171720485628273, 1.1725687446694935, 1.1731890164506051, 1.1706454847246457, 1.1706811669270278, 1.1706784491514548, 1.1707478134463016, 1.171637883871629, 1.1730609812174555, 1.1746700986767982, 1.1740375752090546, 1.1708114116906778, 1.1706500995618117, 1.1706997976915112, 1.1720921709079732, 1.1729319770516347, 1.1733996983716866, 1.17068238708623, 1.1706994505116852, 1.1706719824299805, 1.1706912736784036, 1.1719567852587511, 1.1728352307720955, 1.1733339117060197, 1.170631370026389, 1.1706713763796663, 1.1711343566300225, 1.1757348441676527, 1.174938405654968, 1.1737188376356875, 1.1740842183279252, 1.170639561235978, 1.1707040190833813, 1.170887942993397, 1.172685487564461, 1.1703134448123484, 1.1713289910853266, 1.1682180514927458, 1.168246599027171, 1.1683514418178207, 1.168391940145553, 1.168458507550433, 1.1684825565687937, 1.1682685481501767, 1.1692004034934016, 1.1695500623039552, 1.169054395986293, 1.171025108774839, 1.1699591730837293, 1.1699831628720725, 1.169811145678234, 1.1697816606960045, 1.1698031935037183, 1.1699269227056763, 1.1700496443635884, 1.1700057487671653, 1.170040495642067, 1.170247434968965, 1.1704821356161368, 1.170127723438069, 1.17000825491397, 1.1699865871968338, 1.1697017297734615, 1.1695740662702891, 1.1696196171729305, 1.1704198432616373, 1.1721942330829762, 1.170503845375933, 1.170471749699684, 1.1701631593975554, 1.1704315720519356, 1.1713164593163399, 1.171657469015541, 1.1714861279564002, 1.1702106452198127, 1.1701699397914758, 1.170124346643052, 1.1702522597886185, 1.1711572542892714, 1.1720532929496519, 1.1717515147840314, 1.1700254665368248, 1.1700103166419786, 1.169991745906957, 1.1701607552472761, 1.1710453757035955, 1.170989584860196, 1.1713378069541074, 1.1700024589458666, 1.1703300423020258, 1.1715762983484221, 1.176839044180167, 1.1764334652691422, 1.1722816207725935, 1.1761806609923364, 1.1746986383815707, 1.1702747921943721, 1.1706710394475264, 1.1707974192423625, 1.1725763346479516, 1.1721474546090291, 1.1720346970772646, 1.170558003972044, 1.170578434089904, 1.1707034761194317, 1.1709543680950396, 1.171979284529605, 1.1722313980692243, 1.1720033601348945, 1.170547713918892, 1.1705371833951421, 1.1718303098861342, 1.176982246025058, 1.176532597260807, 1.1722819753452935, 1.172994751333442, 1.1703714295866912, 1.170436634828377, 1.1705661474401357, 1.1708035736563767, 1.1676482170865716, 1.167673708982759, 1.167998796587249, 1.1682082807771619, 1.1681716006268488, 1.1731693292790606, 1.1905651375201505, 1.1850961386193897, 1.173890575400148, 1.1737279677422885, 1.170834115405997, 1.1694148283667842, 1.1695008645414418, 1.1694702426179424, 1.1694139528571799, 1.1696828198551825, 1.1697025087464885, 1.1701901159730526, 1.1761544272785247, 1.1729197981282082, 1.1710429986849302, 1.1708534034031963, 1.169722569449449, 1.1692864433633317, 1.169151063260526, 1.1704390463117418, 1.1790549440234277, 1.1786269982707005, 1.1727234687909904, 1.1760054702333758, 1.1753778155938455, 1.170148239044273, 1.1695743583783285, 1.1699130120159311, 1.1700646069580347, 1.1696016447542021, 1.1692577367772397, 1.169314394314586, 1.1694367503267031, 1.1695603850842078, 1.1699982380339748, 1.1705461037448153, 1.1698109127057357, 1.1694869010605107, 1.169584414183598, 1.1695320356411332, 1.1712281245628648, 1.1775660734512763, 1.178623882188221, 1.1732676533519402, 1.1722331402873434, 1.1719609140062333, 1.1716266202641443, 1.1717926096510143, 1.1749576914986644, 1.173846973253901, 1.1754981485129665, 1.1719250780403159, 1.1697614881738834, 1.169784025305999, 1.1702227320606742, 1.170440817373993, 1.1704202680475577, 1.170385109320987, 1.1704685257604448, 1.1711362271054095, 1.1780464738425793, 1.17953106810839, 1.171747639891442, 1.1716465748112332, 1.1714253258150298, 1.1703686023669229, 1.1697897507328112, 1.1697885706114193, 1.1709008637275236, 1.1712680311137846, 1.170697135935011, 1.170393155272466, 1.1703037612733247, 1.1703247827605219, 1.170301081186751, 1.1703467105699377, 1.1708986113747502, 1.1723189958700335, 1.1715377916869076, 1.1708411710394124, 1.1704144301820674, 1.1705680174374038, 1.1705800913098965, 1.1708090964104187, 1.1723197382372537, 1.1711848340323558, 1.1710780016483662, 1.170765058333337, 1.1704419341557637, 1.1700852161096609, 1.1701105281458666, 1.1702971807812461, 1.1702450103722437, 1.170003808523959, 1.1701865233261137, 1.170405506832619, 1.1703473686202515, 1.1703356806667142, 1.171060847876836, 1.170595103837365, 1.1700704048293378, 1.1700692332799585, 1.170134443229098, 1.1700519172134436, 1.1704493763918227, 1.1722972088719277, 1.1712083293084186, 1.169964145841475, 1.1700472159490352, 1.1700311772549339, 1.1698845766329864, 1.1704293496136573, 1.1723487489148448, 1.1713631656127057, 1.1700613123211943, 1.1700193319653809, 1.1699655571237697, 1.1698654403883526, 1.1703440913974406, 1.1723827857218874, 1.171279477709432, 1.1697318316612635, 1.1697124624323105, 1.1697213919162457, 1.1697844466233673, 1.1704454762481207, 1.1734774719687295, 1.1733888169522264, 1.1710150818936051, 1.1697845106574434, 1.1697939471615166, 1.1698207033931682, 1.1704388152142837, 1.1726298100324066, 1.171369646790772, 1.1701087838947926, 1.170089637879428, 1.1700175012362335, 