{"perf": {"r2_score": 0.9197553305479768, "mean_absolute_error": 0.16379357573268802, "mean_squared_error": 0.08460007177216185, "median_absolute_error": 0.07281943645201634, "RMSE": 0.40471419017954885}, "std_test": [1.2001040793789701, 1.2023326664023515, 1.1982158769190023, 1.1950408780253559, 1.1953366140447035, 1.19426730789061, 1.1936378616790777, 1.193269979927097, 1.1932621289659486, 1.1949360359127696, 1.197082947702653, 1.1967338169152855, 1.1957767123783583, 1.1947680425227287, 1.1934404056825554, 1.1946871981819593, 1.1946087904919611, 1.1947336895531757, 1.1941536682394773, 1.19378449283857, 1.1932850404495885, 1.1931368715884245, 1.193370731621199, 1.1935646295479747, 1.1934948401334675, 1.1935736344410166, 1.1936916858260245, 1.1953489369945303, 1.2003793721094123, 1.2058927389314855, 1.203017287789214, 1.206528684637921, 1.2046193649917734, 1.1985277219803052, 1.1985508039837756, 1.1967004746432695, 1.1971639675117094, 1.1978838618390313, 1.1989590498053666, 1.1970608889642227, 1.1948828021562026, 1.1948318707145158, 1.19506139510906, 1.1976106019134416, 1.1978202212086955, 1.1989293242895565, 1.1971393918412185, 1.1950877659976458, 1.194886920362312, 1.1953057572238965, 1.1969982994790347, 1.1969430084172066, 1.1976886563863156, 1.196723537604542, 1.194716538315026, 1.1946904302453094, 1.1950956051539772, 1.1967756956154036, 1.1988172009404505, 1.2034813230316352, 1.2049627360186133, 1.1971594906270189, 1.1947832481107024, 1.1955290074083973, 1.1967205679031898, 1.1970296901992665, 1.1980533757598748, 1.19685899009893, 1.194718724900047, 1.194548990994521, 1.1950170548498633, 1.1963995521399742, 1.1962797871143311, 1.1976628870058421, 1.1966010419169784, 1.195158648943362, 1.1965298432350255, 1.2016691639221646, 1.2031466728323015, 1.197121930742465, 1.2007730419790543, 1.2042178009413165, 1.1953240619131, 1.1945998590089428, 1.1938919106776686, 1.1940833333142256, 1.1935046907329687, 1.1945313670926674, 1.1989322895740748, 1.1966755028718592, 1.1948257807309515, 1.1934297816667379, 1.1937514323843217, 1.193242449288896, 1.193483238700997, 1.195307466446795, 1.1943007085751016, 1.1940756538404829, 1.1940201269735546, 1.1938214391300361, 1.1937908969206392, 1.193678662134485, 1.1938947453635766, 1.1944170726322518, 1.1941202162228124, 1.1940158619555004, 1.1942547557373022, 1.194068558463039, 1.1942057616580006, 1.1969711591756194, 1.1997727152720015, 1.19996853987602, 1.2004770762744308, 1.1958014593722683, 1.195153871772726, 1.1962355351252185, 1.1980498068474972, 1.1983260639511928, 1.1991339927116669, 1.1950207530415138, 1.1951138148271985, 1.1952502852541915, 1.196215988369749, 1.1985373933104537, 1.1993071486186957, 1.200728385110858, 1.1957741294014603, 1.1952579801684373, 1.195455006457958, 1.196330023407414, 1.1981485173796136, 1.1986683745069708, 1.1990853822434984, 1.1949234772137893, 1.1950728321134534, 1.1951802447486681, 1.1959755743470661, 1.1978570222185343, 1.1995880221301605, 1.2022794189468193, 1.198767616132518, 1.1950368163551104, 1.1951202493016233, 1.1958895131798437, 1.1980485624175088, 1.1984368978370228, 1.1990848405015844, 1.194960016943421, 1.194976633143812, 1.194969811042809, 1.1956568501860008, 1.1974024320136387, 1.198008978937825, 1.1985560624047702, 1.1947539491430046, 1.1949600241131397, 1.198199913589399, 1.2029948160335995, 1.2012939664762663, 1.1990714256297443, 1.199053701008069, 1.1947560179128252, 1.1950353403126897, 1.196104635413632, 1.198591970236433, 1.1977358275185885, 1.194368634924521, 1.1929137840067545, 1.1930039735537366, 1.193191983696404, 1.193192651784594, 1.1935899844328521, 1.193534196228672, 1.1930940429745533, 1.1944202047976384, 1.1951941017149341, 1.1938478330367985, 1.192906769131752, 1.1928760617016338, 1.1923881747925578, 1.1926458627490628, 1.1930807488946453, 1.192852103782649, 1.1928337418507655, 1.1929470931065922, 1.1929418270366214, 1.1928368152717646, 1.1932519985957157, 1.1943581095255056, 1.1933363960680885, 1.1930518261754166, 1.1931505230161152, 1.1934505120503898, 1.1933066248769573, 1.1933261521468146, 1.1949334403777605, 1.194135194440262, 1.194063958386354, 1.194504116223301, 1.1939233708116408, 1.194467835140846, 1.1948175794391769, 1.1954790538660698, 1.195281063210013, 1.1935687084911981, 1.1936049239855597, 1.1935078920252058, 1.193823068198648, 1.1956124474048957, 1.1962834944886716, 1.1959124741701053, 1.1932631923986485, 1.1933753693384217, 1.193470400669278, 1.1936888792264346, 1.194207267345473, 1.1949579047569283, 1.1945893259449545, 1.1933568828180994, 1.193531836927277, 1.199161615043981, 1.2029406570602301, 1.20075269970535, 1.2006936251933757, 1.2021673414489102, 1.1985335209583952, 1.1937625389947404, 1.1940286214925102, 1.1942856907886628, 1.1959483344548438, 1.1959030252191838, 1.195029578877564, 1.1936371125522591, 1.193555735589486, 1.1939408625084797, 1.1942452963480399, 1.1952812264127792, 1.1959914187707514, 1.194970477502108, 1.1937326983851813, 1.193868909621114, 1.1998874251446303, 1.2030353290863514, 1.201719342121854, 1.1977295075813628, 1.1961071682264552, 1.1933949076975405, 1.1935566161197495, 1.1937042986515833, 1.1940766965562324, 1.1922694270202734, 1.1921273853232743, 1.1923832410574284, 1.1944819491838254, 1.1978894762240422, 1.211489161866435, 1.23608496939471, 1.221536028670605, 1.2023438216736515, 1.1961047667470246, 1.1929105328927023, 1.1927407392115248, 1.1927054964395376, 1.1927732531656454, 1.1930363333276441, 1.1937959708873975, 1.1945845132724535, 1.1951635205157487, 1.1965768260270593, 1.196476232124735, 1.1956966293927436, 1.195441074508281, 1.1939324655002694, 1.1932506873277744, 1.193029077482962, 1.202277973434346, 1.2079027703822136, 1.2058278672041898, 1.2017087735499858, 1.202885205958522, 1.201816747804247, 1.1949114712078233, 1.1939680574406133, 1.1942386312606459, 1.1948681219895179, 1.1937924787083853, 1.1933546721632424, 1.193651998967236, 1.1938297006514795, 1.1937333888573212, 1.1944201172174802, 1.1953625966475045, 1.1938904708427471, 1.1936272286143106, 1.1937298898607935, 1.1935807978016282, 1.2046436613539324, 1.2061634706703122, 1.205129690858374, 1.1978717765615816, 1.1966477199449261, 1.1962814826907622, 1.1960459757866684, 1.197221617090863, 1.2003520334683047, 1.2011647921277768, 1.2015579953065798, 1.1967910160436286, 1.1938531879530272, 1.1938011174536818, 1.1941646228306966, 1.1944130479539818, 1.1945011785924267, 1.1943655064673735, 1.1950076078961274, 1.2004512847710875, 1.2073254747173017, 1.2067870991068872, 1.1966668884430616, 1.1960993461720273, 1.194951658134183, 1.193965965922876, 1.1931479088162684, 1.1933009793878422, 1.197040717943616, 1.193835875094104, 1.19393277629853, 1.1931755220780953, 1.1930915520097038, 1.1930461280168108, 1.192983775957807, 1.1927928810382107, 1.1934279747868617, 1.1971779377405385, 1.1953302631400542, 1.1944600911606214, 1.1935755797050462, 1.193620309718103, 1.1932350293426732, 1.1940475444154244, 1.1967269855668052, 1.1946516696722047, 1.1941500626279482, 1.1943577742954554, 1.1938447866257722, 1.1931782571670526, 1.193854188598566, 1.1955242533170074, 1.1946968776907887, 1.1945211914223481, 1.1952394806456552, 1.1953990688382503, 1.1957971843821258, 1.1948984862152954, 1.1955278860875858, 1.195321922934232, 1.1950879633768596, 1.195237469559651, 1.1952643411801274, 1.1956988778680502, 1.1957212237711565, 1.1976899646223103, 1.1961899563747522, 1.1951518761051383, 1.1952577336347447, 1.1954768114699716, 1.195998243434193, 1.195881690030588, 1.1976193088240163, 1.1968108387774679, 1.195332342440686, 1.195309730321004, 1.195430601966618, 1.195554690162509, 1.195706127806172, 1.1978695600509381, 1.1963508523300221, 1.194759787843069, 1.1950190492835888, 1.1948253775945017, 1.1954655110553347, 1.1966113357793529, 1.198911168658844, 1.200393675729841, 1.196054898726661, 1.1948335114270339, 1.1948325562200783, 1.1953041494748915, 1.1957167328404172, 1.197516204769462, 1.196208190912831, 1.194998684814331, 1.1950533718885112, 1.194918304554342, 