{"perf": {"r2_score": 0.9213381574840972, "mean_absolute_error": 0.1484784635655992, "mean_squared_error": 0.08911280901487645, "median_absolute_error": 0.054839904445236794, "RMSE": 0.3853290328610073}, "std_test": [1.2265133677612408, 1.2357147202893886, 1.2308038459604627, 1.2270469132115354, 1.227382425405188, 1.2258609914493295, 1.2250686341335897, 1.2242883423191993, 1.2241985302050977, 1.2242260568556464, 1.22775056769189, 1.2270768394279439, 1.2263407660774488, 1.225435820897309, 1.2242678160556268, 1.225655218022499, 1.2251337747946576, 1.2249938976521018, 1.224551751335195, 1.2254417644936564, 1.2248338860701546, 1.2244152764461684, 1.2245263040167822, 1.2245012204729961, 1.224684158400002, 1.224869505985559, 1.2247272384292636, 1.226562203224389, 1.2283405273820616, 1.2389399369392937, 1.230826852325054, 1.2365073070628745, 1.2338612732711027, 1.2296311847756318, 1.2296993133258245, 1.2359239057986873, 1.2323190362132044, 1.2295435631172609, 1.2318783935246036, 1.2294056563604332, 1.227100229520455, 1.2270055366392383, 1.2269839263927327, 1.2281173543021795, 1.2278729666017083, 1.2296501088398517, 1.2282941384432828, 1.2269438062465137, 1.226847326976486, 1.2271283105926882, 1.228245473973963, 1.227141281255275, 1.2286210718034738, 1.2281241862420154, 1.2269051772325317, 1.2270347352637063, 1.2271967073319825, 1.2286683341410434, 1.2288447224686414, 1.232089851690917, 1.236597485210282, 1.2299035481606608, 1.227045088999871, 1.2273026678395564, 1.2289289023317251, 1.2281631030787246, 1.2296831921843123, 1.2288178706478088, 1.2271273937279445, 1.2269331283027638, 1.227098748247893, 1.2289498042833644, 1.2275286238957466, 1.22919353025951, 1.2286393820346475, 1.2272842494062701, 1.226944267803394, 1.2312119932572338, 1.2317432626437737, 1.23474936428131, 1.227248334409863, 1.226404551230681, 1.225500830842244, 1.2258657698576139, 1.2254801240072233, 1.226308114575691, 1.2299995266694108, 1.2287314867776487, 1.2269977658630367, 1.2252397904825298, 1.2256524645907185, 1.2250825866052897, 1.2253799721189127, 1.226664367359322, 1.2260609413033228, 1.2257808485827348, 1.2266303778240153, 1.2261432357048279, 1.2263088687827979, 1.2272833437293011, 1.2275988754988327, 1.228283886364927, 1.2276848920403713, 1.2274349021272006, 1.2276739103442116, 1.2274134293834862, 1.227097245252904, 1.2275694508298047, 1.229604534131046, 1.231587252347209, 1.2335914126304368, 1.2278391376786868, 1.226761015195793, 1.2265879303187306, 1.2280203848089408, 1.2285373530349493, 1.2294930482449025, 1.2264951928778418, 1.2266225140096803, 1.226639639951811, 1.2265951138653695, 1.2281009052909633, 1.2291224190196028, 1.2302675229580937, 1.2273188477830566, 1.2268227742191635, 1.2267897582143956, 1.2268968798015405, 1.227871736411267, 1.2289245192507807, 1.2297410947589984, 1.2264956246509287, 1.226569473731965, 1.2265531970752754, 1.2266502708619167, 1.2278089995413466, 1.2294974628904098, 1.2315805386813246, 1.2312680383359857, 1.22672499621841, 1.226534905347062, 1.226589723344719, 1.228359589067852, 1.2293380803709821, 1.2300161087004085, 1.2266172044115697, 1.2266649727387187, 1.2265938962108356, 1.2266158229144644, 1.2282266428856012, 1.2292529784628405, 1.2299124817388813, 1.2265679133073295, 1.2266354764385028, 1.2271426788589888, 1.2329212158346101, 1.2264881137729715, 1.2274647279905453, 1.223855434984387, 1.2238668095704088, 1.2240613985972886, 1.2241363545234207, 1.224322783731622, 1.2242534308502169, 1.2238041929130803, 1.225159996677349, 1.2258959781668886, 1.2248860932994645, 1.2265248491265663, 1.226386484920077, 1.2263948399069813, 1.2261781519910646, 1.2261414846909822, 1.226156672755225, 1.2263767382469277, 1.22658274224247, 1.2264808118191766, 1.2265204152576425, 1.2268176973869906, 1.2270756944976189, 1.2266534733898853, 1.22646228664241, 1.226485341288498, 1.2260935524400185, 1.225814329836668, 1.2258284915050155, 1.2268649583141316, 1.2288512230959316, 1.226832497313741, 1.2267279582292467, 1.226187780556948, 1.2265125119835403, 1.2274923820871633, 1.2278818930109696, 1.2278363408639814, 1.2261906891113823, 1.2261329903397629, 1.2260737676435403, 1.2261935024844866, 1.227267448117778, 1.2283151935669703, 1.2280935270754814, 1.2259671279563766, 1.225933975568082, 1.2259142636456888, 1.226091693838548, 1.2271856163282846, 1.227075735447706, 1.2277248546292205, 1.2259851996438471, 1.2263449251674645, 1.2277651427380722, 1.2342477917292614, 1.2348993885114188, 1.2285727563062336, 1.2334297353978037, 1.2324838604616957, 1.226321934188939, 1.2269503717228882, 1.2269799954358283, 1.229246483043227, 1.2285692202255527, 1.2286793902711421, 1.2268762281724392, 1.2268571495974308, 1.2270249905874826, 1.2272591348322537, 1.2285327694887413, 1.2286596221865085, 1.2286122378651179, 1.2268038680597524, 1.2267296410681863, 1.2282695967397432, 1.2344039455703644, 1.22308310307435, 1.2230839309892232, 1.2234869114988125, 1.223710637477799, 1.2237947842702392, 1.2307203404501783, 1.253741673493824, 1.2488314081580236, 1.2324960365198294, 1.229427931584852, 1.226137853449536, 1.22558054203182, 1.2257229560666558, 1.225694627617131, 1.2255998595933884, 1.2258791803816544, 1.225904658913178, 1.2263009316861602, 1.233106895585531, 1.2293999329945953, 1.2275015598636472, 1.2273573833990996, 1.2258109818013376, 1.2251055678075273, 1.224854077390643, 1.2264984889014305, 1.238022923305328, 1.2380583000174503, 1.2297731422261586, 1.2333838169025193, 1.2338542527863647, 1.2262261607332277, 1.225342092883144, 1.2256736992557495, 1.226033188133295, 1.2253813460586507, 1.2249596077488591, 1.22503513446321, 1.2251386537224147, 1.2252191421173442, 1.2257439550640692, 1.22666278342917, 1.2255806612699296, 1.225175062828972, 1.2253397917082358, 1.225248707209641, 1.2273921472497982, 1.2356230851903904, 1.237817737537657, 1.2305255477525319, 1.2288692312331237, 1.2281435245152774, 1.2278676375048296, 1.2281519855173184, 1.2318632696057203, 1.2307537148036949, 1.233816883021039, 1.2286455314871645, 1.2256187754744121, 1.2255716770863765, 1.2260997884774676, 1.22648434333426, 1.2264805657062723, 1.22645070105166, 1.2265097852985813, 1.2273011369129072, 1.2366578890663265, 1.226775677850635, 1.2274805294739748, 1.2266291773517342, 1.226247416369221, 1.2261114743278234, 1.2261372528113599, 1.22609077255595, 1.226154219356503, 1.226709971129649, 1.2290448823614437, 1.2284472813264293, 1.2275823721071402, 1.2268706340182822, 1.2271059036389882, 1.2271262163632568, 1.2274380893092351, 1.2296124925212666, 1.227877696998638, 1.227851745903104, 1.2273936324655004, 1.2269957240369602, 1.2264787446651155, 1.2264861916230725, 1.2265634768142548, 1.2265772987204309, 1.2261511467627821, 1.2263604874782361, 1.2265812508868608, 1.2263889164593698, 1.2262277184653427, 1.2270760700087369, 1.2266837607932124, 1.2260475917924472, 1.2260526010277102, 1.2261700514468374, 1.2259922257994083, 1.226369072200892, 1.2285966707888416, 1.2275018745973691, 1.225869217077544, 1.225998246920894, 1.2259723355962324, 1.2257411954655286, 1.2263481721755196, 1.228667498019266, 1.2276934334829377, 1.2259035810757675, 1.2257971038139521, 1.2257258894870653, 1.225618888854053, 1.2261579887756728, 1.2286793713539943, 1.2275125796697934, 1.2254872569764013, 1.2254672859327829, 1.2254718873037154, 1.2254906890294175, 1.2262538902280675, 1.2299773289229887, 1.2302053363851044, 1.2274248187148091, 1.2255916375177855, 1.2256221522208717, 1.2256175489788246, 1.2263277135343584, 1.2290018623915413, 1.2276827786297033, 1.2260683125823513, 1.2260623134533022, 1.2259618253428237, 1.2256372642899054, 1.2292069589637762, 1.2301357147508154, 1.227391264622611, 1.2258065789765495, 1.2257798827383035, 1.2256385869769115, 1.228571834327423, 1.2323860405984115, 1.2318567868406942, 1.231424648390518, 1.230517176239208, 1.2301306200528883, 1.2295524994177374, 1.2293055845588252, 1.2289421344112337, 1.2283353999808597, 1.2278342337363937, 1.2276874234614887, 1.2279060063233735, 1.2279536683861816, 1.2287797776261984, 1.2295864971428885, 