{"perf": {"r2_score": 0.7845560251249013, "mean_absolute_error": 0.13851527529610153, "mean_squared_error": 0.06180349126275166, "median_absolute_error": 0.0798678174487013, "RMSE": 0.372176403464945}, "std_test": {"A": [0.30647919623721637, 0.305644078857604, 0.30314091123555353, 0.30599407744185547, 0.30617154318742146, 0.3060433656642248, 0.3050810170275611, 0.3051554157676539, 0.30567393890508715, 0.3052643546554483, 0.3055738147631701, 0.3055686684341212, 0.30708575166323326, 0.3055215521950524, 0.3055686684341212, 0.30888202329082726, 0.3050129776775229, 0.30518835281119583, 0.30553611431757177, 0.3058025482962114, 0.30562683402959473, 0.3064748382576031, 0.3056033699513285, 0.30530952052361304, 0.30597028483734195, 0.3063352988535231, 0.30562130319450026, 0.30518001606442435, 0.30622296881318795, 0.3057370830898215, 0.3063678026701748, 0.3061984842003076, 0.3059771141330863, 0.30546099540866095, 0.30514709573044274, 0.3052547267387414, 0.3097049314694288, 0.3050118840355124, 0.3054405449500294, 0.30618143218611854, 0.3096988965852937, 0.3058323773458871, 0.306365564829178, 0.30539522832659854, 0.30563315148234294, 0.30736005388010984, 0.3063442923015059, 0.30685916868317836, 0.3069036095788525, 0.30730682780040913, 0.3058703225480523, 0.3067112346746434], "C": [0.30647919623721637, 0.305644078857604, 0.30314091123555353, 0.30599407744185547, 0.30617154318742146, 0.3060433656642248, 0.3050810170275611, 0.3051554157676539, 0.30567393890508715, 0.3052643546554483, 0.3055738147631701, 0.3055686684341212, 0.30708575166323326, 0.3055215521950524, 0.3055686684341212, 0.30888202329082726, 0.3050129776775229, 0.30518835281119583, 0.30553611431757177, 0.3058025482962114, 0.30562683402959473, 0.3064748382576031, 0.3056033699513285, 0.30530952052361304, 0.30597028483734195, 0.3063352988535231, 0.30562130319450026, 0.30518001606442435, 0.30622296881318795, 0.3057370830898215, 0.3063678026701748, 0.3061984842003076, 0.3059771141330863, 0.30546099540866095, 0.30514709573044274, 0.3052547267387414, 0.3097049314694288, 0.3050118840355124, 0.3054405449500294, 0.30618143218611854, 0.3096988965852937, 0.3058323773458871, 0.306365564829178, 0.30539522832659854, 0.30563315148234294, 0.30736005388010984, 0.3063442923015059, 0.30685916868317836, 0.3069036095788525, 0.30730682780040913, 0.3058703225480523, 0.3067112346746434], "D": [0.30647919623721637, 0.305644078857604, 0.30314091123555353, 0.30599407744185547, 0.30617154318742146, 0.3060433656642248, 0.3050810170275611, 0.3051554157676539, 0.30567393890508715, 0.3052643546554483, 0.3055738147631701, 0.3055686684341212, 0.30708575166323326, 0.3055215521950524, 0.3055686684341212, 0.30888202329082726, 0.3050129776775229, 0.30518835281119583, 0.30553611431757177, 0.3058025482962114, 0.30562683402959473, 0.3064748382576031, 0.3056033699513285, 0.30530952052361304, 0.30597028483734195, 0.3063352988535231, 0.30562130319450026, 0.30518001606442435, 0.30622296881318795, 0.3057370830898215, 0.3063678026701748, 0.3061984842003076, 0.3059771141330863, 0.30546099540866095, 0.30514709573044274, 0.3052547267387414, 0.3097049314694288, 0.3050118840355124, 0.3054405449500294, 0.30618143218611854, 0.3096988965852937, 0.3058323773458871, 0.306365564829178, 0.30539522832659854, 0.30563315148234294, 0.30736005388010984, 0.3063442923015059, 0.30685916868317836, 0.3069036095788525, 0.30730682780040913, 0.3058703225480523, 0.3067112346746434], "F": [0.30647919623721637, 0.305644078857604, 0.30314091123555353, 0.30599407744185547, 0.30617154318742146, 0.3060433656642248, 0.3050810170275611, 0.3051554157676539, 0.30567393890508715, 0.3052643546554483, 0.3055738147631701, 0.3055686684341212, 0.30708575166323326, 0.3055215521950524, 0.3055686684341212, 0.30888202329082726, 0.3050129776775229, 0.30518835281119583, 0.30553611431757177, 0.3058025482962114, 0.30562683402959473, 0.3064748382576031, 0.3056033699513285, 0.30530952052361304, 0.30597028483734195, 0.3063352988535231, 0.30562130319450026, 0.30518001606442435, 0.30622296881318795, 0.3057370830898215, 0.3063678026701748, 0.3061984842003076, 0.3059771141330863, 0.30546099540866095, 0.30514709573044274, 0.3052547267387414, 0.3097049314694288, 0.3050118840355124, 0.3054405449500294, 0.30618143218611854, 0.3096988965852937, 0.3058323773458871, 0.306365564829178, 0.30539522832659854, 0.30563315148234294, 0.30736005388010984, 0.3063442923015059, 0.30685916868317836, 0.3069036095788525, 0.30730682780040913, 0.3058703225480523, 0.3067112346746434], "G": [0.30647919623721637, 0.305644078857604, 0.30314091123555353, 0.30599407744185547, 0.30617154318742146, 0.3060433656642248, 0.3050810170275611, 0.3051554157676539, 0.30567393890508715, 0.3052643546554483, 0.3055738147631701, 0.3055686684341212, 0.30708575166323326, 0.3055215521950524, 0.3055686684341212, 0.30888202329082726, 0.3050129776775229, 0.30518835281119583, 0.30553611431757177, 0.3058025482962114, 0.30562683402959473, 0.3064748382576031, 0.3056033699513285, 0.30530952052361304, 0.30597028483734195, 0.3063352988535231, 0.30562130319450026, 0.30518001606442435, 0.30622296881318795, 0.3057370830898215, 0.3063678026701748, 0.3061984842003076, 0.3059771141330863, 0.30546099540866095, 0.30514709573044274, 0.3052547267387414, 0.3097049314694288, 0.3050118840355124, 0.3054405449500294, 0.30618143218611854, 0.3096988965852937, 0.3058323773458871, 0.306365564829178, 0.30539522832659854, 0.30563315148234294, 0.30736005388010984, 0.3063442923015059, 0.30685916868317836, 0.3069036095788525, 0.30730682780040913, 0.3058703225480523, 0.3067112346746434], "H": [0.30647919623721637, 0.305644078857604, 0.30314091123555353, 0.30599407744185547, 0.30617154318742146, 0.3060433656642248, 0.3050810170275611, 0.3051554157676539, 0.30567393890508715, 0.3052643546554483, 0.3055738147631701, 0.3055686684341212, 0.30708575166323326, 0.3055215521950524, 0.3055686684341212, 0.30888202329082726, 0.3050129776775229, 0.30518835281119583, 0.30553611431757177, 0.3058025482962114, 0.30562683402959473, 0.3064748382576031, 0.3056033699513285, 0.30530952052361304, 0.30597028483734195, 0.3063352988535231, 0.30562130319450026, 0.30518001606442435, 0.30622296881318795, 0.3057370830898215, 0.3063678026701748, 0.3061984842003076, 0.3059771141330863, 0.30546099540866095, 0.30514709573044274, 0.3052547267387414, 0.3097049314694288, 0.3050118840355124, 0.3054405449500294, 0.30618143218611854, 0.3096988965852937, 0.3058323773458871, 0.306365564829178, 0.30539522832659854, 0.30563315148234294, 0.30736005388010984, 0.3063442923015059, 0.30685916868317836, 0.3069036095788525, 0.30730682780040913, 0.3058703225480523, 0.3067112346746434], "I": [0.30647919623721637, 0.305644078857604, 0.30314091123555353, 0.30599407744185547, 0.30617154318742146, 0.3060433656642248, 0.3050810170275611, 0.3051554157676539, 0.30567393890508715, 0.3052643546554483, 0.3055738147631701, 0.3055686684341212, 0.30708575166323326, 0.3055215521950524, 0.3055686684341212, 0.30888202329082726, 0.3050129776775229, 0.30518835281119583, 0.30553611431757177, 0.3058025482962114, 0.30562683402959473, 0.3064748382576031, 0.3056033699513285, 0.30530952052361304, 0.30597028483734195, 0.3063352988535231, 0.30562130319450026, 0.30518001606442435, 0.30622296881318795, 0.3057370830898215, 0.3063678026701748, 0.3061984842003076, 0.3059771141330863, 0.30546099540866095, 0.30514709573044274, 0.3052547267387414, 0.3097049314694288, 0.3050118840355124, 0.3054405449500294, 0.30618143218611854, 0.3096988965852937, 0.3058323773458871, 0.306365564829178, 0.30539522832659854, 0.30563315148234294, 0.30736005388010984, 0.3063442923015059, 0.30685916868317836, 0.3069036095788525, 0.30730682780040913, 0.3058703225480523, 0.3067112346746434],